<?xml version="1.0" encoding="UTF-8"?>
<configuration xmlns="http://www.chaos.com/logback.xsd" scan="true" scanPeriod="30 seconds">

    <contextName>ck-list</contextName>

    <define name="log.path" class="cn.xyz.chaos.common.log.LogPathApolloPropertyDefiner"/>
    <define name="log.isRolling" class="cn.xyz.chaos.common.log.LogRollingApolloPropertyDefiner"/>

    <property name="log.pattern" value="%d{yyyy-MM-dd HH:mm:ss.SSS} [%thread] [%p] %c#%M - %m%n"/>

    <appender name="CONSOLE-APPENDER" class="ch.qos.logback.core.ConsoleAppender">
        <encoder>
            <pattern>${log.pattern}</pattern>
        </encoder>
    </appender>

    <if condition="${log.isRolling}">
        <then>
            <appender name="APP-APPENDER" class="ch.qos.logback.core.rolling.RollingFileAppender">
                <rollingPolicy class="ch.qos.logback.core.rolling.TimeBasedRollingPolicy">
                    <!-- 按天回滚 daily -->
                    <fileNamePattern>${log.path}/ck-list.app.%d{yyyy-MM-dd}.log</fileNamePattern>
                    <!-- 日志最大的历史 60天 -->
                    <maxHistory>60</maxHistory>
                </rollingPolicy>
                <!-- true: 日志被追加到文件结尾; false: 清空现存文件 -->
                <append>true</append>
                <!-- set immediateFlush to false for much higher logging throughput -->
                <immediateFlush>true</immediateFlush>
                <!-- 日志格式 -->
                <encoder>
                    <pattern>${log.pattern}</pattern>
                </encoder>
            </appender>

            <appender name="STDOUT-APPENDER" class="ch.qos.logback.core.rolling.RollingFileAppender">
                <rollingPolicy class="ch.qos.logback.core.rolling.TimeBasedRollingPolicy">
                    <fileNamePattern>${log.path}/ck-list.stdout.%d{yyyy-MM-dd}.log</fileNamePattern>
                    <maxHistory>60</maxHistory>
                </rollingPolicy>
                <append>true</append>
                <immediateFlush>true</immediateFlush>
                <encoder>
                    <pattern>${log.pattern}</pattern>
                </encoder>
            </appender>
        </then>
        <else>
            <appender name="APP-APPENDER" class="ch.qos.logback.core.FileAppender">
                <file>${log.path}/ck-list.app.log</file>
                <append>true</append>
                <immediateFlush>true</immediateFlush>
                <encoder>
                    <pattern>${log.pattern}</pattern>
                </encoder>
            </appender>

            <appender name="STDOUT-APPENDER" class="ch.qos.logback.core.FileAppender">
                <file>${log.path}/ck-list.stdout.log</file>
                <append>true</append>
                <immediateFlush>true</immediateFlush>
                <encoder>
                    <pattern>${log.pattern}</pattern>
                </encoder>
            </appender>
        </else>
    </if>

    <logger name="cn.xyz.listtool" level="DEBUG" additivity="true">
        <appender-ref ref="APP-APPENDER"/>
    </logger>

    <root level="INFO">
        <appender-ref ref="CONSOLE-APPENDER"/>
        <appender-ref ref="STDOUT-APPENDER"/>
    </root>
</configuration>
