<tools>
    <toolbox scope="application">
        <tool class="org.apache.velocity.tools.generic.AlternatorTool"/>
        <!-- define class you want to inspect -->
        <tool class="org.apache.velocity.tools.generic.ClassTool"/>
        <tool class="org.apache.velocity.tools.generic.ConversionTool"/>
        <tool class="org.apache.velocity.tools.generic.DateTool" format="yyyy-MM-dd"/>
        <tool class="org.apache.velocity.tools.generic.ComparisonDateTool" format="yyyy-MM-dd" depth="1"
              skip="month,week,millisecond"/>
        <tool class="org.apache.velocity.tools.generic.DisplayTool"/>
        <tool class="org.apache.velocity.tools.generic.EscapeTool"/>
        <!-- define class you want to access static field -->
        <tool class="org.apache.velocity.tools.generic.FieldTool"/>
        <tool class="org.apache.velocity.tools.generic.ListTool"/>
        <tool class="org.apache.velocity.tools.generic.MathTool"/>
        <tool class="org.apache.velocity.tools.generic.NumberTool"/>
        <tool class="org.apache.velocity.tools.generic.RenderTool"/>

        <tool class="org.apache.velocity.tools.generic.SortTool"/>
        <!-- define file you want to parse -->
        <tool class="org.apache.velocity.tools.generic.XmlTool"/>
    </toolbox>

    <toolbox scope="request">
        <tool class="org.apache.velocity.tools.generic.ContextTool"/>
        <tool class="org.apache.velocity.tools.generic.LoopTool"/>
        <!-- define custom url -->
        <tool class="org.apache.velocity.tools.generic.LinkTool"/>
    </toolbox>
</tools>
