<assembly>
    <id>dist</id>
    <!-- 输出格式 -->
    <formats>
        <format>dir</format>
    </formats>
    <!-- 不包含基本目录 -->
    <includeBaseDirectory>false</includeBaseDirectory>
    <!-- 基本目录 -->
    <baseDirectory>dist</baseDirectory>
    <!-- 指定文件组的组装方式 -->
    <fileSets>
        <!-- 项目jar -->
        <fileSet>
            <directory>${basedir}/target</directory>
            <outputDirectory>./</outputDirectory>

            <includes>
                <include>*.jar</include>
            </includes>

            <fileMode>0755</fileMode>
        </fileSet>
        <!-- 项目脚本 -->
        <fileSet>
            <directory>${basedir}/support/shell</directory>
            <outputDirectory>./support/shell</outputDirectory>

            <includes>
                <include>*.sh</include>
            </includes>

            <fileMode>0755</fileMode>
        </fileSet>
    </fileSets>

</assembly>
