{
  "annotations": {
    "list": [
      {
        "builtIn": 1,
        "datasource": "-- Grafana --",
        "enable": true,
        "hide": true,
        "iconColor": "rgba(0, 211, 255, 1)",
        "name": "Annotations & Alerts",
        "type": "dashboard"
      }
    ]
  },
  "editable": true,
  "gnetId": null,
  "graphTooltip": 0,
  "id": 49,
  "iteration": 1576460167372,
  "links": [],
  "panels": [
    {
      "aliasColors": {},
      "bars": false,
      "dashLength": 10,
      "dashes": false,
      "datasource": "Prometheus",
      "description": "公共的数据基础的一些度量（兼容 springboot 配置）",
      "fill": 1,
      "gridPos": {
        "h": 7,
        "w": 6,
        "x": 0,
        "y": 0
      },
      "id": 2,
      "legend": {
        "alignAsTable": false,
        "avg": false,
        "current": true,
        "max": false,
        "min": false,
        "show": true,
        "total": false,
        "values": true
      },
      "lines": true,
      "linewidth": 1,
      "links": [],
      "nullPointMode": "null",
      "percentage": false,
      "pointradius": 5,
      "points": false,
      "renderer": "flot",
      "seriesOverrides": [],
      "spaceLength": 10,
      "stack": false,
      "steppedLine": false,
      "targets": [
        {
          "expr": "jdbc_connections_active{application=\"ck-list\", instance=\"$instance\",dsName=\"$dsName\"}",
          "format": "time_series",
          "intervalFactor": 1,
          "legendFormat": "jdbc- active",
          "refId": "G"
        },
        {
          "expr": "jdbc_connections_max{application=\"ck-list\", instance=\"$instance\",dsName=\"$dsName\"}",
          "format": "time_series",
          "intervalFactor": 1,
          "legendFormat": "jdbc- MAX",
          "refId": "H"
        },
        {
          "expr": "jdbc_connections_min{application=\"ck-list\", instance=\"$instance\",dsName=\"$dsName\"}",
          "format": "time_series",
          "intervalFactor": 1,
          "legendFormat": "jdbc- MIN",
          "refId": "I"
        }
      ],
      "thresholds": [],
      "timeFrom": null,
      "timeShift": null,
      "title": "Database base metrics",
      "tooltip": {
        "shared": true,
        "sort": 0,
        "value_type": "individual"
      },
      "type": "graph",
      "xaxis": {
        "buckets": null,
        "mode": "time",
        "name": null,
        "show": true,
        "values": []
      },
      "yaxes": [
        {
          "format": "short",
          "label": null,
          "logBase": 1,
          "max": null,
          "min": "0",
          "show": true
        },
        {
          "format": "short",
          "label": null,
          "logBase": 1,
          "max": null,
          "min": null,
          "show": true
        }
      ],
      "yaxis": {
        "align": false,
        "alignLevel": null
      }
    },
    {
      "aliasColors": {},
      "bars": false,
      "dashLength": 10,
      "dashes": false,
      "datasource": "Prometheus",
      "description": "Druid 特有的基本 metrics 参数，基本参数波动",
      "fill": 1,
      "gridPos": {
        "h": 7,
        "w": 9,
        "x": 6,
        "y": 0
      },
      "id": 4,
      "legend": {
        "alignAsTable": false,
        "avg": false,
        "current": true,
        "max": false,
        "min": false,
        "show": true,
        "total": false,
        "values": true
      },
      "lines": true,
      "linewidth": 1,
      "links": [],
      "nullPointMode": "null",
      "percentage": false,
      "pointradius": 5,
      "points": false,
      "renderer": "flot",
      "seriesOverrides": [],
      "spaceLength": 10,
      "stack": false,
      "steppedLine": false,
      "targets": [
        {
          "expr": "jdbc_druid_active{application=\"ck-list\", instance=\"$instance\",dsName=\"$dsName\"}",
          "format": "time_series",
          "hide": false,
          "intervalFactor": 1,
          "legendFormat": "druid- active",
          "refId": "G"
        },
        {
          "expr": "jdbc_druid_maxActive{application=\"ck-list\", instance=\"$instance\",dsName=\"$dsName\"}",
          "format": "time_series",
          "hide": false,
          "intervalFactor": 1,
          "legendFormat": "druid- MAX",
          "refId": "H"
        },
        {
          "expr": "jdbc_druid_minIdle{application=\"ck-list\", instance=\"$instance\",dsName=\"$dsName\"}",
          "format": "time_series",
          "hide": false,
          "intervalFactor": 1,
          "legendFormat": "druid- MIN",
          "refId": "I"
        },
        {
          "expr": "jdbc_druid_pooling{application=\"ck-list\", instance=\"$instance\",dsName=\"$dsName\"}",
          "format": "time_series",
          "hide": false,
          "intervalFactor": 1,
          "legendFormat": "druid- pooling",
          "refId": "A"
        },
        {
          "expr": "jdbc_druid_initialSize{application=\"ck-list\", instance=\"$instance\",dsName=\"$dsName\"}",
          "format": "time_series",
          "hide": false,
          "intervalFactor": 1,
          "legendFormat": "druid- initialSize",
          "refId": "B"
        },
        {
          "expr": "jdbc_druid_activePeak{application=\"ck-list\", instance=\"$instance\",dsName=\"$dsName\"}",
          "format": "time_series",
          "hide": false,
          "intervalFactor": 1,
          "legendFormat": "druid- activePeak",
          "refId": "C"
        },
        {
          "expr": "jdbc_druid_poolingPeak{application=\"ck-list\", instance=\"$instance\",dsName=\"$dsName\"}",
          "format": "time_series",
          "hide": false,
          "intervalFactor": 1,
          "legendFormat": "druid- poolingPeak",
          "refId": "D"
        },
        {
          "expr": "jdbc_druid_notEmptyWaitThread{application=\"ck-list\", instance=\"$instance\",dsName=\"$dsName\"}",
          "format": "time_series",
          "hide": false,
          "intervalFactor": 1,
          "legendFormat": "druid- notEmptyWaitThread",
          "refId": "F"
        },
        {
          "expr": "jdbc_druid_notEmptyWaitThreadPeak{application=\"ck-list\", instance=\"$instance\",dsName=\"$dsName\"}",
          "format": "time_series",
          "hide": false,
          "intervalFactor": 1,
          "legendFormat": "druid- notEmptyWaitThreadPeak",
          "refId": "J"
        }
      ],
      "thresholds": [],
      "timeFrom": null,
      "timeShift": null,
      "title": "Database Druid 基础指标",
      "tooltip": {
        "shared": true,
        "sort": 0,
        "value_type": "individual"
      },
      "type": "graph",
      "xaxis": {
        "buckets": null,
        "mode": "time",
        "name": null,
        "show": true,
        "values": []
      },
      "yaxes": [
        {
          "format": "short",
          "label": null,
          "logBase": 1,
          "max": null,
          "min": "0",
          "show": true
        },
        {
          "format": "short",
          "label": null,
          "logBase": 1,
          "max": null,
          "min": null,
          "show": true
        }
      ],
      "yaxis": {
        "align": false,
        "alignLevel": null
      }
    },
    {
      "aliasColors": {},
      "bars": false,
      "dashLength": 10,
      "dashes": false,
      "datasource": "Prometheus",
      "description": "Druid 特有的 sql 执行情况",
      "fill": 1,
      "gridPos": {
        "h": 7,
        "w": 9,
        "x": 15,
        "y": 0
      },
      "id": 6,
      "legend": {
        "alignAsTable": false,
        "avg": false,
        "current": true,
        "max": false,
        "min": false,
        "show": true,
        "total": false,
        "values": true
      },
      "lines": true,
      "linewidth": 1,
      "links": [],
      "nullPointMode": "null",
      "percentage": false,
      "pointradius": 5,
      "points": false,
      "renderer": "flot",
      "seriesOverrides": [],
      "spaceLength": 10,
      "stack": false,
      "steppedLine": false,
      "targets": [
        {
          "expr": "increase(jdbc_druid_execute{application=\"ck-list\", instance=\"$instance\",dsName=\"$dsName\"}[20s])",
          "format": "time_series",
          "hide": false,
          "interval": "",
          "intervalFactor": 1,
          "legendFormat": "druid- execute",
          "refId": "A"
        },
        {
          "expr": "increase(jdbc_druid_executeQuery{application=\"ck-list\", instance=\"$instance\",dsName=\"$dsName\"}[20s])",
          "format": "time_series",
          "interval": "",
          "intervalFactor": 1,
          "legendFormat": "druid- query",
          "refId": "B"
        },
        {
          "expr": "increase(jdbc_druid_executeUpdate{application=\"ck-list\", instance=\"$instance\",dsName=\"$dsName\"}[20s])",
          "format": "time_series",
          "intervalFactor": 1,
          "legendFormat": "druid- update",
          "refId": "C"
        },
        {
          "expr": "increase(jdbc_druid_executeBatch{application=\"ck-list\", instance=\"$instance\",dsName=\"$dsName\"}[20s])",
          "format": "time_series",
          "intervalFactor": 1,
          "legendFormat": "druid- batch",
          "refId": "D"
        }
      ],
      "thresholds": [],
      "timeFrom": null,
      "timeShift": null,
      "title": "Database Druid SQL 执行",
      "tooltip": {
        "shared": true,
        "sort": 0,
        "value_type": "individual"
      },
      "type": "graph",
      "xaxis": {
        "buckets": null,
        "mode": "time",
        "name": null,
        "show": true,
        "values": []
      },
      "yaxes": [
        {
          "format": "short",
          "label": null,
          "logBase": 1,
          "max": null,
          "min": "0",
          "show": true
        },
        {
          "format": "short",
          "label": null,
          "logBase": 1,
          "max": null,
          "min": null,
          "show": true
        }
      ],
      "yaxis": {
        "align": false,
        "alignLevel": null
      }
    },
    {
      "aliasColors": {},
      "bars": false,
      "dashLength": 10,
      "dashes": false,
      "datasource": "Prometheus",
      "description": "Druid 特有的 连接异常情况",
      "fill": 1,
      "gridPos": {
        "h": 7,
        "w": 6,
        "x": 0,
        "y": 7
      },
      "id": 8,
      "legend": {
        "alignAsTable": false,
        "avg": false,
        "current": true,
        "max": false,
        "min": false,
        "show": true,
        "total": false,
        "values": true
      },
      "lines": true,
      "linewidth": 1,
      "links": [],
      "nullPointMode": "null",
      "percentage": false,
      "pointradius": 5,
      "points": false,
      "renderer": "flot",
      "seriesOverrides": [],
      "spaceLength": 10,
      "stack": false,
      "steppedLine": false,
      "targets": [
        {
          "expr": "increase(jdbc_druid_discard{application=\"ck-list\", instance=\"$instance\",dsName=\"$dsName\"}[20s])",
          "format": "time_series",
          "hide": false,
          "interval": "",
          "intervalFactor": 1,
          "legendFormat": "druid- discard",
          "refId": "A"
        },
        {
          "expr": "increase(jdbc_druid_removeAbandoned{application=\"ck-list\", instance=\"$instance\",dsName=\"$dsName\"}[20s])",
          "format": "time_series",
          "interval": "",
          "intervalFactor": 1,
          "legendFormat": "druid- removeAbandoned",
          "refId": "B"
        },
        {
          "expr": "increase(jdbc_druid_connectError{application=\"ck-list\", instance=\"$instance\",dsName=\"$dsName\"}[20s])",
          "format": "time_series",
          "intervalFactor": 1,
          "legendFormat": "druid- connectError",
          "refId": "C"
        },
        {
          "expr": "increase(jdbc_druid_recycleError{application=\"ck-list\", instance=\"$instance\",dsName=\"$dsName\"}[20s])",
          "format": "time_series",
          "intervalFactor": 1,
          "legendFormat": "druid- batch",
          "refId": "D"
        }
      ],
      "thresholds": [],
      "timeFrom": null,
      "timeShift": null,
      "title": "Database Druid 异常",
      "tooltip": {
        "shared": true,
        "sort": 0,
        "value_type": "individual"
      },
      "type": "graph",
      "xaxis": {
        "buckets": null,
        "mode": "time",
        "name": null,
        "show": true,
        "values": []
      },
      "yaxes": [
        {
          "format": "short",
          "label": null,
          "logBase": 1,
          "max": null,
          "min": "0",
          "show": true
        },
        {
          "format": "short",
          "label": null,
          "logBase": 1,
          "max": null,
          "min": null,
          "show": true
        }
      ],
      "yaxis": {
        "align": false,
        "alignLevel": null
      }
    },
    {
      "aliasColors": {},
      "bars": false,
      "dashLength": 10,
      "dashes": false,
      "datasource": "Prometheus",
      "description": "",
      "fill": 1,
      "gridPos": {
        "h": 7,
        "w": 9,
        "x": 6,
        "y": 7
      },
      "id": 10,
      "legend": {
        "alignAsTable": false,
        "avg": false,
        "current": true,
        "max": false,
        "min": false,
        "show": true,
        "total": false,
        "values": true
      },
      "lines": true,
      "linewidth": 1,
      "links": [],
      "nullPointMode": "null",
      "percentage": false,
      "pointradius": 5,
      "points": false,
      "renderer": "flot",
      "seriesOverrides": [],
      "spaceLength": 10,
      "stack": false,
      "steppedLine": false,
      "targets": [
        {
          "expr": "increase(jdbc_druid_create{application=\"ck-list\", instance=\"$instance\",dsName=\"$dsName\"}[60s])",
          "format": "time_series",
          "hide": false,
          "interval": "",
          "intervalFactor": 1,
          "legendFormat": "druid- create",
          "refId": "A"
        },
        {
          "expr": "increase(jdbc_druid_destroy{application=\"ck-list\", instance=\"$instance\",dsName=\"$dsName\"}[60s])",
          "format": "time_series",
          "hide": false,
          "interval": "",
          "intervalFactor": 1,
          "legendFormat": "druid- destroy",
          "refId": "B"
        }
      ],
      "thresholds": [],
      "timeFrom": null,
      "timeShift": null,
      "title": "Database Druid 连接创建销毁",
      "tooltip": {
        "shared": true,
        "sort": 0,
        "value_type": "individual"
      },
      "type": "graph",
      "xaxis": {
        "buckets": null,
        "mode": "time",
        "name": null,
        "show": true,
        "values": []
      },
      "yaxes": [
        {
          "format": "short",
          "label": null,
          "logBase": 1,
          "max": null,
          "min": "0",
          "show": true
        },
        {
          "format": "short",
          "label": null,
          "logBase": 1,
          "max": null,
          "min": null,
          "show": true
        }
      ],
      "yaxis": {
        "align": false,
        "alignLevel": null
      }
    },
    {
      "aliasColors": {},
      "bars": false,
      "dashLength": 10,
      "dashes": false,
      "datasource": "Prometheus",
      "description": "",
      "fill": 1,
      "gridPos": {
        "h": 7,
        "w": 9,
        "x": 15,
        "y": 7
      },
      "id": 12,
      "legend": {
        "alignAsTable": false,
        "avg": false,
        "current": true,
        "max": false,
        "min": false,
        "show": true,
        "total": false,
        "values": true
      },
      "lines": true,
      "linewidth": 1,
      "links": [],
      "nullPointMode": "null",
      "percentage": false,
      "pointradius": 5,
      "points": false,
      "renderer": "flot",
      "seriesOverrides": [],
      "spaceLength": 10,
      "stack": false,
      "steppedLine": false,
      "targets": [
        {
          "expr": "increase(jdbc_druid_connect{application=\"ck-list\", instance=\"$instance\",dsName=\"$dsName\"}[20s])",
          "format": "time_series",
          "hide": false,
          "interval": "",
          "intervalFactor": 1,
          "legendFormat": "druid- connect",
          "refId": "A"
        },
        {
          "expr": "increase(jdbc_druid_close{application=\"ck-list\", instance=\"$instance\",dsName=\"$dsName\"}[20s])",
          "format": "time_series",
          "hide": false,
          "interval": "",
          "intervalFactor": 1,
          "legendFormat": "druid- close",
          "refId": "B"
        },
        {
          "expr": "increase(jdbc_druid_recycle{application=\"ck-list\", instance=\"$instance\",dsName=\"$dsName\"}[20s])",
          "format": "time_series",
          "hide": false,
          "intervalFactor": 1,
          "legendFormat": "druid- recyle",
          "refId": "C"
        }
      ],
      "thresholds": [],
      "timeFrom": null,
      "timeShift": null,
      "title": "Database Druid 连接（池）获取释放",
      "tooltip": {
        "shared": true,
        "sort": 0,
        "value_type": "individual"
      },
      "type": "graph",
      "xaxis": {
        "buckets": null,
        "mode": "time",
        "name": null,
        "show": true,
        "values": []
      },
      "yaxes": [
        {
          "format": "short",
          "label": null,
          "logBase": 1,
          "max": null,
          "min": "0",
          "show": true
        },
        {
          "format": "short",
          "label": null,
          "logBase": 1,
          "max": null,
          "min": null,
          "show": true
        }
      ],
      "yaxis": {
        "align": false,
        "alignLevel": null
      }
    }
  ],
  "schemaVersion": 16,
  "style": "dark",
  "tags": [],
  "templating": {
    "list": [
      {
        "allValue": null,
        "current": {
          "text": "dev",
          "value": "dev"
        },
        "datasource": "Prometheus",
        "hide": 0,
        "includeAll": false,
        "label": "env",
        "multi": false,
        "name": "env",
        "options": [],
        "query": "label_values(jdbc_druid_initialSize{application=\"ck-list\"}, env)",
        "refresh": 2,
        "regex": "",
        "sort": 0,
        "tagValuesQuery": "",
        "tags": [],
        "tagsQuery": "",
        "type": "query",
        "useTags": false
      },
      {
        "allValue": null,
        "current": {
          "text": "192.168.27.92:9160",
          "value": "192.168.27.92:9160"
        },
        "datasource": "Prometheus",
        "hide": 0,
        "includeAll": false,
        "label": "Instance",
        "multi": false,
        "name": "instance",
        "options": [],
        "query": "label_values(jdbc_druid_initialSize{application=\"ck-list\", env=\"$env\"}, instance)",
        "refresh": 2,
        "regex": "",
        "sort": 0,
        "tagValuesQuery": "",
        "tags": [],
        "tagsQuery": "",
        "type": "query",
        "useTags": false
      },
      {
        "allValue": null,
        "current": {
          "selected": true,
          "text": "apollo",
          "value": "apollo"
        },
        "datasource": "Prometheus",
        "hide": 0,
        "includeAll": false,
        "label": "dsName",
        "multi": false,
        "name": "dsName",
        "options": [],
        "query": "label_values(jdbc_druid_initialSize{application=\"ck-list\", instance=\"$instance\"}, dsName)",
        "refresh": 2,
        "regex": "",
        "sort": 0,
        "tagValuesQuery": "",
        "tags": [],
        "tagsQuery": "",
        "type": "query",
        "useTags": false
      }
    ]
  },
  "time": {
    "from": "now-6h",
    "to": "now"
  },
  "timepicker": {
    "refresh_intervals": [
      "5s",
      "10s",
      "30s",
      "1m",
      "5m",
      "15m",
      "30m",
      "1h",
      "2h",
      "1d"
    ],
    "time_options": [
      "5m",
      "15m",
      "1h",
      "6h",
      "12h",
      "24h",
      "2d",
      "7d",
      "30d"
    ]
  },
  "timezone": "",
  "title": "ck-list",
  "uid": "MCu0qkBWk",
  "version": 8
}
